Title,Year,imdbID,Type,Poster
300,2006,tt0416449,movie,https://m.media-amazon.com/images/M/MV5BNWMxYTZlOTUtZDExMi00YzZmLTkwYTMtZmM2MmRjZmQ3OGY4XkEyXkFqcGdeQXVyMTAwMzUyMzUy._V1_SX300.jpg
300: Rise of an Empire,2014,tt1253863,movie,https://m.media-amazon.com/images/M/MV5BMTEwNTU2MjAwMDdeQTJeQWpwZ15BbWU3MDk2Njc2Njk@._V1_SX300.jpg
The 300 Spartans,1962,tt0055719,movie,https://m.media-amazon.com/images/M/MV5BMTg0MmM4N2YtODExZi00ZDZmLWJiMjAtYTYzOGEwNWUxNGIxXkEyXkFqcGdeQXVyNTIzOTk5ODM@._V1_SX300.jpg
Last Stand of the 300,2007,tt0892737,movie,https://m.media-amazon.com/images/M/MV5BNzFlYzFlY2UtYTRhNi00ODkyLTkyNjEtNGYzMDg1ZDQxNGFiXkEyXkFqcGdeQXVyNzMzMjU5NDY@._V1_SX300.jpg
300 Miles to Heaven,1989,tt0096740,movie,https://m.media-amazon.com/images/M/MV5BYTY1Nzg5NTItMWQxYi00ZjU0LTk0NWYtM2M0NzIzNjY2NTFlXkEyXkFqcGdeQXVyODg0OTM4NTc@._V1_SX300.jpg
300 Worte Deutsch,2013,tt2288044,movie,https://m.media-amazon.com/images/M/MV5BMTU3NzQyOTI5N15BMl5BanBnXkFtZTgwODgxOTY2NjE@._V1_SX300.jpg
I've Been Killing Slimes for 300 Years and Maxed Out My Level,2021,tt13248062,series,https://m.media-amazon.com/images/M/MV5BMjRjZDM0ODAtZDdmYy00YWY3LTlmNmItZjJkZmRmMDNmNGNiXkEyXkFqcGdeQXVyMzgxODM4NjM@._V1_SX300.jpg
I've Been Killing Slimes for 300 Years and Maxed Out My Level,2021,tt13248062,series,https://m.media-amazon.com/images/M/MV5BMjRjZDM0ODAtZDdmYy00YWY3LTlmNmItZjJkZmRmMDNmNGNiXkEyXkFqcGdeQXVyMzgxODM4NjM@._V1_SX300.jpg
United 300,2007,tt1047855,movie,https://m.media-amazon.com/images/M/MV5BODYzNmRiOWEtYjBhYy00NDFkLWEwZmYtOTg2N2ZlNTNkODU1XkEyXkFqcGdeQXVyMjYxMzY2NDk@._V1_SX300.jpg
300 Killers,2010,tt1787636,movie,https://m.media-amazon.com/images/M/MV5BMTQ2MTcwNjgwMV5BMl5BanBnXkFtZTgwNDQzNTA2MDE@._V1_SX300.jpg
300,2006,tt0416449,movie,https://m.media-amazon.com/images/M/MV5BNWMxYTZlOTUtZDExMi00YzZmLTkwYTMtZmM2MmRjZmQ3OGY4XkEyXkFqcGdeQXVyMTAwMzUyMzUy._V1_SX300.jpg
300: Rise of an Empire,2014,tt1253863,movie,https://m.media-amazon.com/images/M/MV5BMTEwNTU2MjAwMDdeQTJeQWpwZ15BbWU3MDk2Njc2Njk@._V1_SX300.jpg
The 300 Spartans,1962,tt0055719,movie,https://m.media-amazon.com/images/M/MV5BMTg0MmM4N2YtODExZi00ZDZmLWJiMjAtYTYzOGEwNWUxNGIxXkEyXkFqcGdeQXVyNTIzOTk5ODM@._V1_SX300.jpg
Last Stand of the 300,2007,tt0892737,movie,https://m.media-amazon.com/images/M/MV5BNzFlYzFlY2UtYTRhNi00ODkyLTkyNjEtNGYzMDg1ZDQxNGFiXkEyXkFqcGdeQXVyNzMzMjU5NDY@._V1_SX300.jpg
300 Miles to Heaven,1989,tt0096740,movie,https://m.media-amazon.com/images/M/MV5BYTY1Nzg5NTItMWQxYi00ZjU0LTk0NWYtM2M0NzIzNjY2NTFlXkEyXkFqcGdeQXVyODg0OTM4NTc@._V1_SX300.jpg
300 Worte Deutsch,2013,tt2288044,movie,https://m.media-amazon.com/images/M/MV5BMTU3NzQyOTI5N15BMl5BanBnXkFtZTgwODgxOTY2NjE@._V1_SX300.jpg
I've Been Killing Slimes for 300 Years and Maxed Out My Level,2021,tt13248062,series,https://m.media-amazon.com/images/M/MV5BMjRjZDM0ODAtZDdmYy00YWY3LTlmNmItZjJkZmRmMDNmNGNiXkEyXkFqcGdeQXVyMzgxODM4NjM@._V1_SX300.jpg
I've Been Killing Slimes for 300 Years and Maxed Out My Level,2021,tt13248062,series,https://m.media-amazon.com/images/M/MV5BMjRjZDM0ODAtZDdmYy00YWY3LTlmNmItZjJkZmRmMDNmNGNiXkEyXkFqcGdeQXVyMzgxODM4NjM@._V1_SX300.jpg
United 300,2007,tt1047855,movie,https://m.media-amazon.com/images/M/MV5BODYzNmRiOWEtYjBhYy00NDFkLWEwZmYtOTg2N2ZlNTNkODU1XkEyXkFqcGdeQXVyMjYxMzY2NDk@._V1_SX300.jpg
300 Killers,2010,tt1787636,movie,https://m.media-amazon.com/images/M/MV5BMTQ2MTcwNjgwMV5BMl5BanBnXkFtZTgwNDQzNTA2MDE@._V1_SX300.jpg
